AHARONI,KOMJATH
AHARONI,LINIAL
AHARONI,MARTIN LOEBL
AHARONI,PENNY HAXELL
AHARONI,THOMASSEN
ALAN HARTMAN,COLBOURN
ALAN HARTMAN,DEAN HOFFMAN
ALAN HARTMAN,ERIC MENDELSOHN
ALAN HARTMAN,KATHERINE HEINRICH
ALAN HARTMAN,PHELPS
ALAN HARTMAN,ROSA
ALAN HARTMAN,STINSON
ALON,BOLLOBAS
ALON,ERDOS
ALON,FAN CHUNG
ALON,FRANKL
ALON,FUREDI
ALON,GIL KALAI
ALON,HAJNAL
ALON,KLEITMAN
ALON,LINIAL
ALON,LOVASZ
ALON,SPENCER
ALON,TUZA
ALON,WEST
BABAI,ERDOS
BABAI,FRANKL
BABAI,LOVASZ
BABAI,NESETRIL
BABAI,PYBER
BABAI,SOS
BABAI,SPENCER
BOLLOBAS,ALON
BOLLOBAS,ERDOS
BOLLOBAS,FAN CHUNG
BOLLOBAS,GRAHAM BRIGHTWELL
BOLLOBAS,HARARY
BOLLOBAS,HELL
BOLLOBAS,KOHAYAKAWA
BOLLOBAS,MILNER
BOLLOBAS,SAUER
BOLLOBAS,SZEMEREDI
BOLLOBAS,THOMASSEN
BOLLOBAS,WEST
BOLLOBAS,WINKLER
BONDY,CHVATAL
BONDY,ERDOS
BONDY,HELL
BONDY,LOVASZ
BONDY,SIMONOVITS
BONDY,THOMASSEN
BONDY,TUZA
BURR,DUKE
BURR,ERDOS
BURR,FAUDREE
BURR,HARARY
BURR,RON GRAHAM
CHARLES LINDNER,CHRISTOPHER RODGER
CHARLES LINDNER,COLBOURN
CHARLES LINDNER,DEAN HOFFMAN
CHARLES LINDNER,ELIZABETH BILLINGTON
CHARLES LINDNER,ERIC MENDELSOHN
CHARLES LINDNER,HORAK
CHARLES LINDNER,MULLIN
CHARLES LINDNER,PHELPS
CHARLES LINDNER,ROSA
CHARLES LINDNER,STINSON
CHARLES LINDNER,WALTER WALLIS
CHRISTOPHER RODGER,CHARLES LINDNER
CHRISTOPHER RODGER,DEAN HOFFMAN
CHRISTOPHER RODGER,ELIZABETH BILLINGTON
CHRISTOPHER RODGER,PHELPS
CHRISTOPHER RODGER,ROLF REES
CHRISTOPHER RODGER,STINSON
CHVATAL,BONDY
CHVATAL,ERDOS
CHVATAL,HARARY
CHVATAL,KOMLOS
CHVATAL,LOVASZ
CHVATAL,SZEMEREDI
CHVATAL,THOMASSEN
COLBOURN,ALAN HARTMAN
COLBOURN,CHARLES LINDNER
COLBOURN,DONALD KREHER
COLBOURN,ERIC MENDELSOHN
COLBOURN,KATHERINE HEINRICH
COLBOURN,LIE ZHU-2
COLBOURN,PHELPS
COLBOURN,RODL
COLBOURN,ROSA
COLBOURN,STINSON
COLBOURN,VANSTONE
DEAN HOFFMAN,ALAN HARTMAN
DEAN HOFFMAN,CHARLES LINDNER
DEAN HOFFMAN,CHRISTOPHER RODGER
DEAN HOFFMAN,DONALD KREHER
DEAN HOFFMAN,ELIZABETH BILLINGTON
DEAN HOFFMAN,ROSA
DEAN HOFFMAN,WALTER WALLIS
DONALD KREHER,COLBOURN
DONALD KREHER,DEAN HOFFMAN
DONALD KREHER,ELIZABETH BILLINGTON
DONALD KREHER,ROLF REES
DONALD KREHER,STINSON
DUKE,BURR
DUKE,ERDOS
DUKE,HARARY
DUKE,RODL
DUKE,WINKLER
ELIZABETH BILLINGTON,CHARLES LINDNER
ELIZABETH BILLINGTON,CHRISTOPHER RODGER
ELIZABETH BILLINGTON,DEAN HOFFMAN
ELIZABETH BILLINGTON,DONALD KREHER
ELIZABETH BILLINGTON,RALPH STANTON
ENOLA,SHERLOCK
ERDOS,ALON
ERDOS,BABAI
ERDOS,BOLLOBAS
ERDOS,BONDY
ERDOS,BURR
ERDOS,CHVATAL
ERDOS,DUKE
ERDOS,FAN CHUNG
ERDOS,FAUDREE
ERDOS,FUREDI
ERDOS,GYARFAS
ERDOS,HAJNAL
ERDOS,KLEITMAN
ERDOS,KOMJATH
ERDOS,KOMLOS
ERDOS,LOVASZ
ERDOS,LUCZAK
ERDOS,MILNER
ERDOS,PACH
ERDOS,PYBER
ERDOS,RODL
ERDOS,RON GRAHAM
ERDOS,SHELAH
ERDOS,SIMONOVITS
ERDOS,SOS
ERDOS,SPENCER
ERDOS,SZEMEREDI
ERDOS,TROTTER
ERDOS,TUZA
ERDOS,WEST
ERDOS,ZZZ
ERIC MENDELSOHN,ALAN HARTMAN
ERIC MENDELSOHN,CHARLES LINDNER
ERIC MENDELSOHN,COLBOURN
ERIC MENDELSOHN,PHELPS
ERIC MENDELSOHN,ROLF REES
ERIC MENDELSOHN,ROSA
FAN CHUNG,ALON
FAN CHUNG,BOLLOBAS
FAN CHUNG,ERDOS
FAN CHUNG,FRANKL
FAN CHUNG,RON GRAHAM
FAN CHUNG,TROTTER
FAUDREE,BURR
FAUDREE,ERDOS
FAUDREE,GYARFAS
FAUDREE,HARARY
FAUDREE,SIMONOVITS
FAUDREE,TUZA
FRANKL,ALON
FRANKL,BABAI
FRANKL,FAN CHUNG
FRANKL,FUREDI
FRANKL,PACH
FRANKL,RODL
FRANKL,RON GRAHAM
FUREDI,ALON
FUREDI,ERDOS
FUREDI,FRANKL
FUREDI,GYARFAS
FUREDI,JEFFRY KAHN
FUREDI,KLEITMAN
FUREDI,KOMJATH
FUREDI,KOMLOS
FUREDI,LINIAL
FUREDI,PACH
FUREDI,TUZA
FUREDI,WEST
GIL KALAI,ALON
GIL KALAI,JEFFRY KAHN
GIL KALAI,JIRI MATOUSEK
GIL KALAI,KLEITMAN
GIL KALAI,LINIAL
GRAHAM BRIGHTWELL,BOLLOBAS
GRAHAM BRIGHTWELL,KOHAYAKAWA
GRAHAM BRIGHTWELL,NESETRIL
GRAHAM BRIGHTWELL,TROTTER
GRAHAM BRIGHTWELL,WINKLER
GYARFAS,ERDOS
GYARFAS,FAUDREE
GYARFAS,FUREDI
GYARFAS,TUZA
GYARFAS,WEST
HAJNAL,ALON
HAJNAL,ERDOS
HAJNAL,KOMJATH
HAJNAL,MILNER
HAJNAL,PACH
HAJNAL,SAUER
HAJNAL,SOS
HAJNAL,SZEMEREDI
HARARY,BOLLOBAS
HARARY,BURR
HARARY,CHVATAL
HARARY,DUKE
HARARY,FAUDREE
HARARY,HELL
HARARY,THOMASSEN
HARARY,TROTTER
HARARY,TUZA
HARARY,WALTER WALLIS
HARRY,HERMIONE
HELL,BOLLOBAS
HELL,BONDY
HELL,HARARY
HELL,KATHERINE HEINRICH
HELL,NESETRIL
HELL,RON GRAHAM
HELL,ROSA
HERMIONE,HARRY
HORAK,CHARLES LINDNER
HORAK,KATHERINE HEINRICH
HORAK,ROSA
HORAK,SAUER
HORAK,TUZA
HORAK,WALTER WALLIS
JAN KRATOCHVIL,JIRI MATOUSEK
JAN KRATOCHVIL,KOSTOCHKA
JAN KRATOCHVIL,NESETRIL
JAN KRATOCHVIL,SVATOPLUK POLJAK
JAN KRATOCHVIL,TUZA
JEFFRY KAHN,FUREDI
JEFFRY KAHN,GIL KALAI
JEFFRY KAHN,KLEITMAN
JEFFRY KAHN,KOMLOS
JEFFRY KAHN,LINIAL
JEFFRY KAHN,SAKS
JIRI MATOUSEK,GIL KALAI
JIRI MATOUSEK,JAN KRATOCHVIL
JIRI MATOUSEK,MARTIN LOEBL
JIRI MATOUSEK,NESETRIL
JIRI MATOUSEK,RODL
JIRI MATOUSEK,SPENCER
KATHERINE HEINRICH,ALAN HARTMAN
KATHERINE HEINRICH,COLBOURN
KATHERINE HEINRICH,HELL
KATHERINE HEINRICH,HORAK
KATHERINE HEINRICH,LIE ZHU-2
KATHERINE HEINRICH,WALTER WALLIS
KLEITMAN,ALON
KLEITMAN,ERDOS
KLEITMAN,FUREDI
KLEITMAN,GIL KALAI
KLEITMAN,JEFFRY KAHN
KLEITMAN,MILNER
KLEITMAN,RON GRAHAM
KLEITMAN,SAKS
KLEITMAN,SPENCER
KLEITMAN,WEST
KOHAYAKAWA,BOLLOBAS
KOHAYAKAWA,GRAHAM BRIGHTWELL
KOHAYAKAWA,LUCZAK
KOHAYAKAWA,PENNY HAXELL
KOHAYAKAWA,RODL
KOMJATH,AHARONI
KOMJATH,ERDOS
KOMJATH,FUREDI
KOMJATH,HAJNAL
KOMJATH,MILNER
KOMJATH,PACH
KOMJATH,RODL
KOMJATH,SHELAH
KOMLOS,CHVATAL
KOMLOS,ERDOS
KOMLOS,FUREDI
KOMLOS,JEFFRY KAHN
KOMLOS,SIMONOVITS
KOMLOS,SZEMEREDI
KOSTOCHKA,JAN KRATOCHVIL
KOSTOCHKA,NESETRIL
KOSTOCHKA,PYBER
KOSTOCHKA,RODL
KOSTOCHKA,WEST
LIE ZHU-2,COLBOURN
LIE ZHU-2,KATHERINE HEINRICH
LIE ZHU-2,MULLIN
LIE ZHU-2,STINSON
LIE ZHU-2,WALTER WALLIS
LINIAL,AHARONI
LINIAL,ALON
LINIAL,FUREDI
LINIAL,GIL KALAI
LINIAL,JEFFRY KAHN
LINIAL,SAKS
LOVASZ,ALON
LOVASZ,BABAI
LOVASZ,BONDY
LOVASZ,CHVATAL
LOVASZ,ERDOS
LOVASZ,RON GRAHAM
LOVASZ,SAKS
LOVASZ,SIMONOVITS
LOVASZ,WINKLER
LUCZAK,ERDOS
LUCZAK,KOHAYAKAWA
LUCZAK,PENNY HAXELL
LUCZAK,PYBER
LUCZAK,RODL
LUCZAK,SHELAH
LUCZAK,SPENCER
MARTIN LOEBL,AHARONI
MARTIN LOEBL,JIRI MATOUSEK
MARTIN LOEBL,NESETRIL
MARTIN LOEBL,PENNY HAXELL
MARTIN LOEBL,SVATOPLUK POLJAK
MILNER,BOLLOBAS
MILNER,ERDOS
MILNER,HAJNAL
MILNER,KLEITMAN
MILNER,KOMJATH
MILNER,SAUER
MILNER,SHELAH
MULLIN,CHARLES LINDNER
MULLIN,LIE ZHU-2
MULLIN,RALPH STANTON
MULLIN,ROSA
MULLIN,STINSON
MULLIN,VANSTONE
MULLIN,WALTER WALLIS
NESETRIL,BABAI
NESETRIL,GRAHAM BRIGHTWELL
NESETRIL,HELL
NESETRIL,JAN KRATOCHVIL
NESETRIL,JIRI MATOUSEK
NESETRIL,KOSTOCHKA
NESETRIL,MARTIN LOEBL
NESETRIL,RODL
NESETRIL,RON GRAHAM
NESETRIL,SHELAH
NESETRIL,SVATOPLUK POLJAK
PACH,ERDOS
PACH,FRANKL
PACH,FUREDI
PACH,HAJNAL
PACH,KOMJATH
PACH,SAUER
PACH,SPENCER
PENNY HAXELL,AHARONI
PENNY HAXELL,KOHAYAKAWA
PENNY HAXELL,LUCZAK
PENNY HAXELL,MARTIN LOEBL
PENNY HAXELL,RODL
PHELPS,ALAN HARTMAN
PHELPS,CHARLES LINDNER
PHELPS,CHRISTOPHER RODGER
PHELPS,COLBOURN
PHELPS,ERIC MENDELSOHN
PHELPS,RODL
PHELPS,ROSA
PHELPS,VANSTONE
PYBER,BABAI
PYBER,ERDOS
PYBER,KOSTOCHKA
PYBER,LUCZAK
PYBER,TUZA
RALPH STANTON,ELIZABETH BILLINGTON
RALPH STANTON,MULLIN
RALPH STANTON,STINSON
RALPH STANTON,VANSTONE
RALPH STANTON,WALTER WALLIS
RODL,COLBOURN
RODL,DUKE
RODL,ERDOS
RODL,FRANKL
RODL,JIRI MATOUSEK
RODL,KOHAYAKAWA
RODL,KOMJATH
RODL,KOSTOCHKA
RODL,LUCZAK
RODL,NESETRIL
RODL,PENNY HAXELL
RODL,PHELPS
RODL,RON GRAHAM
RODL,SAUER
RODL,SVATOPLUK POLJAK
RODL,SZEMEREDI
RODL,TROTTER
RODL,TUZA
RODL,WINKLER
ROLF REES,CHRISTOPHER RODGER
ROLF REES,DONALD KREHER
ROLF REES,ERIC MENDELSOHN
ROLF REES,STINSON
ROLF REES,WALTER WALLIS
RON GRAHAM,BURR
RON GRAHAM,ERDOS
RON GRAHAM,FAN CHUNG
RON GRAHAM,FRANKL
RON GRAHAM,HELL
RON GRAHAM,KLEITMAN
RON GRAHAM,LOVASZ
RON GRAHAM,NESETRIL
RON GRAHAM,RODL
RON GRAHAM,SPENCER
RON GRAHAM,SZEMEREDI
RON GRAHAM,WINKLER
ROSA,ALAN HARTMAN
ROSA,CHARLES LINDNER
ROSA,COLBOURN
ROSA,DEAN HOFFMAN
ROSA,ERIC MENDELSOHN
ROSA,HELL
ROSA,HORAK
ROSA,MULLIN
ROSA,PHELPS
ROSA,STINSON
ROSA,VANSTONE
ROSA,WALTER WALLIS
SAKS,JEFFRY KAHN
SAKS,KLEITMAN
SAKS,LINIAL
SAKS,LOVASZ
SAKS,SOS
SAUER,BOLLOBAS
SAUER,HAJNAL
SAUER,HORAK
SAUER,MILNER
SAUER,PACH
SAUER,RODL
SAUER,SPENCER
SHELAH,ERDOS
SHELAH,KOMJATH
SHELAH,LUCZAK
SHELAH,MILNER
SHELAH,NESETRIL
SHELAH,SPENCER
SHERLOCK,ENOLA
SHERLOCK,ZZZ
SIMONOVITS,BONDY
SIMONOVITS,ERDOS
SIMONOVITS,FAUDREE
SIMONOVITS,KOMLOS
SIMONOVITS,LOVASZ
SIMONOVITS,SOS
SOS,BABAI
SOS,ERDOS
SOS,HAJNAL
SOS,SAKS
SOS,SIMONOVITS
SPENCER,ALON
SPENCER,BABAI
SPENCER,ERDOS
SPENCER,JIRI MATOUSEK
SPENCER,KLEITMAN
SPENCER,LUCZAK
SPENCER,PACH
SPENCER,RON GRAHAM
SPENCER,SAUER
SPENCER,SHELAH
SPENCER,WINKLER
STINSON,ALAN HARTMAN
STINSON,CHARLES LINDNER
STINSON,CHRISTOPHER RODGER
STINSON,COLBOURN
STINSON,DONALD KREHER
STINSON,LIE ZHU-2
STINSON,MULLIN
STINSON,RALPH STANTON
STINSON,ROLF REES
STINSON,ROSA
STINSON,VANSTONE
STINSON,WALTER WALLIS
SVATOPLUK POLJAK,JAN KRATOCHVIL
SVATOPLUK POLJAK,MARTIN LOEBL
SVATOPLUK POLJAK,NESETRIL
SVATOPLUK POLJAK,RODL
SVATOPLUK POLJAK,TUZA
SZEMEREDI,BOLLOBAS
SZEMEREDI,CHVATAL
SZEMEREDI,ERDOS
SZEMEREDI,HAJNAL
SZEMEREDI,KOMLOS
SZEMEREDI,RODL
SZEMEREDI,RON GRAHAM
SZEMEREDI,TROTTER
SZEMEREDI,TUZA
THOMASSEN,AHARONI
THOMASSEN,BOLLOBAS
THOMASSEN,BONDY
THOMASSEN,CHVATAL
THOMASSEN,HARARY
TROTTER,ERDOS
TROTTER,FAN CHUNG
TROTTER,GRAHAM BRIGHTWELL
TROTTER,HARARY
TROTTER,RODL
TROTTER,SZEMEREDI
TROTTER,WEST
TROTTER,WINKLER
TUZA,ALON
TUZA,BONDY
TUZA,ERDOS
TUZA,FAUDREE
TUZA,FUREDI
TUZA,GYARFAS
TUZA,HARARY
TUZA,HORAK
TUZA,JAN KRATOCHVIL
TUZA,PYBER
TUZA,RODL
TUZA,SVATOPLUK POLJAK
TUZA,SZEMEREDI
VANSTONE,COLBOURN
VANSTONE,MULLIN
VANSTONE,PHELPS
VANSTONE,RALPH STANTON
VANSTONE,ROSA
VANSTONE,STINSON
WALTER WALLIS,CHARLES LINDNER
WALTER WALLIS,DEAN HOFFMAN
WALTER WALLIS,HARARY
WALTER WALLIS,HORAK
WALTER WALLIS,KATHERINE HEINRICH
WALTER WALLIS,LIE ZHU-2
WALTER WALLIS,MULLIN
WALTER WALLIS,RALPH STANTON
WALTER WALLIS,ROLF REES
WALTER WALLIS,ROSA
WALTER WALLIS,STINSON
WEST,ALON
WEST,BOLLOBAS
WEST,ERDOS
WEST,FUREDI
WEST,GYARFAS
WEST,KLEITMAN
WEST,KOSTOCHKA
WEST,TROTTER
WINKLER,BOLLOBAS
WINKLER,DUKE
WINKLER,GRAHAM BRIGHTWELL
WINKLER,LOVASZ
WINKLER,RODL
WINKLER,RON GRAHAM
WINKLER,SPENCER
WINKLER,TROTTER
ZZZ,ERDOS
ZZZ,SHERLOCK
